name,rna,dna,protein
Seq_0,HUGUCCGUCAUAAAAUGGAUUCCUC,TTADCGTCAATGTYAGATATAAGGACGATAATAAGAGTTGTACTTGATTMCATCATACATWTTTC,RYFILQFTKTFYFPEMGRRFMRFAVWVYVNRSFYTYYMHLCHRREGAQCTEACPICSDKG-QILV-KQDFVCIDE-NRI-ERTLPNGSAARWCGRSDLIEVGSL-DDWPQHPTCDIIEVP
Seq_1,U-GGGUUAACGAAGCCUAAGGUCGU,GAACATKATGCGACGACCTTCTATCCTAYTCTTGTGGGGTTCCCTGTGCCAGGGACGCTACCGCC,MNAEFDWQVFCLGYLFCYEGHTIPQGHKSSMFWA-HSQWDSPHIAIHSIAHAQNV-TGYIFIMMSKSDIYPRCCWVYSIVDRY-WEESSNRVNWDSEWDDYSHRKKYVLQTYDWITHNED
Seq_2,AAAACCCUUGCAUGUUCCCUAGUCG,ATAAATCCGTGCTGCTACTRCCCAGTCCACTCTAACTGGCGAGCGCTGTCGCCTCATAATCCGTT,KEKFCPHHWADQSFMSMSQCKDHERMNKRGKTKWEQIEGPFPYT-ECIKRLPAFIITMWH--MEF-EAIMMF-DKMFS-QRGVYMSWALRTYPKGGFLTWDRLSRPI-NSEINYAPVTGH
Seq_3,CGUCAGCCAGUUGCGUCUCAUGGGG,TCTTTGCACWAGTGNGWGTTGCTATATATGCACTGATTGACTGTTCGGTCGAACCTACAGTTAAG,FCAYVATIA-RGTVVRHMIGECARYGDYCRFRASPHNFIDFDI-KNHKLYVVEHRPMPLIRAWFEPAVYTSWDGNAKSF-ILQQN-IQHHYRRETALESH-YVKHHMWMPQGNMWSL-IA
Seq_4,MGGGACCUGGGACGUUCGCCYUAGC,ATACATGGCCAAAGAMTTCATCBCCTCGGAGTTTCCCATGGCTTACCAAAACCATCTHCGGAGAT,LGCAWRLGCPTICHEWWWYYDGSLWQCATGICNQADFWFSMG-RRHRYERGISIFDHDKVV-REA-LTHWEDKTWGPCYDFE-KRQWTGMACDAG-VMAWMQ--SSCDGYMNK-NEPDDH
Seq_5,ACAUACACGUCGCUGUUCCCCCAAC,AACGCTTCTCTCACACCCTACTGACCTAAGCACTGCATGACGCTATACTCG-GCCACAGTGAAGG,LQGNH-PG-A-VLPMCGGHLKDFYTFKEESLRTKRRMASDRGGKDCCEPCQISQ-HD-MAPAQNPARCLTQDHSHDTKQWIKHCPPKTHS-EDFSQRYHPLVCYYDP--R-WHCG-TEFL
Seq_6,AAACURGAUCAACAUAGCGUGCCUC,GGAGGATAATGGACTABTAGTTCTGCTCTGCTTCATCAACACCAAACGAAAACTCCCATTGCATA,WTDMRSS-FGHCG-STMLAGFHVLMPKHTRGFEDKC-WNNIWWRVWIPSPYCWFKTIHQIH-EVLHLWRSCFWGMGWAAHEPQPNNHVQTWM-QLLVDEN-SSPSQLNTRCS---AYSVM
Seq_7,GGAGAAGAAUUCGAUGCGGUGDUAC,ATGCATTACCACTGTAATTGGCATATCTGGGGACTGCCTCATCTGGNAVGCTCGGGATAGCCGTA,VTDVEAIQIVPH-DCIKVVGTIRIMI-VVCQCVSPLVRIAEMWSVMYLMPWMFGGA-KPKARDAHKCFFLCYCLCCGHWHYNHSTEIGRERKSTGMYITLK-YCVGQMVVLSPFTAVWWS
Seq_8,ACUCAGACACAUAUACGCGCCUUAU,GATTGATAGTTAACGACGCAATTAACCTGGATAACGTGATGATGCTCACGACTGATTGATCGCAA,PCIPNEHSWEQRVCRVPNPDWP-HIKMQDNRAFTCGQGWLKAMIREPTHKTYMILDMVNCKLFRNHFRGTIPPGKSKNVEPCPVMYYPQAIREGHLC-HNCDLYYNECDNKH-S-V-HVV
Seq_9,ACGCAUAGCUUCAAUAGUGUAGACA,GCGACAACAAAKACGAAACAAACGGCTCGCGTGACAATGTGCCCMCGACGGACTTGAATTACGAC,AMMKNSPVCWCSHIAQ-WQSPNLAKRYFRQICQDGFEWTSLPIFRQYNIIVRGWLNYYLQVGPFGLHWKPMSQTAYIPYDIQQF-GIWGAVCTMEKWYTGSRD-VVWKKCQAIHWKPFAS
Seq_10,UUHCGGGUACCACAGCGCGUCACCA,TTCGATTCAATCCTATCCAGGAAACCAGCACGCTAGTATGCACGCTTTAATCTCACAGAGCGGGA,NDGW-YEDCNNQGLLARMEWFLSIMASPW-IVHV-WSSVWCAFRWTPHV-IGQKTNDRVCALNANREQMTEHWQESLCKGNQPHILPQAIRAFEQDCYKCPRCCLEGTITYCSTRTIHLP
Seq_11,GGCUGCCADUGAAGUAGGUCUGAAC,CAAAAATATGGTCTGCCCGCCGTCCGAGACTCTTCAAHACGATCCGCGGCTTGGCTCCACGTGHA,NSYGICHT-FADVYTFKSENCQTPEPLTFNY-KALTHTKRMVKHQFYESRPCNKKTSTHSFYRMSAARINNGTAVGMEFFHLGVK-VPHNEMW-PIEHQCWDSIPQCILHGGSLYT-GTW
Seq_12,CGGAGCCCUAUGUUUCUUCWCAAGU,GRGACAGACACCCGCCGGATCACCAACACGCTCASAATATCCAGCVGTMCATATTCACTGATGGA,DWH-GYGMWREVMMHNTHGTCYHI-DYLAAKWWTNRMQMYNRSPLHNVYLGPEGFCKNVTQATKELLCFIWRMVSPYVDMENQLVWGEMFYWGRCNGYHYY-CCAKKATESETHWR-HQQ
Seq_13,AUGCGCUACGCUCCGCCUAAACCGG,TCATGCGGVGGTGGAATATCTCCCTTTTGCTATAGCATTGGATATGTACAACATAGTATCGAAAA,DVKYPWWEVD--EPKINWL-ENPCNHH-RITPP-LLNHT-RWYQYEM-MMYENCFK-CY-QFLCNGDKVAVMRTNQERYFIF-TDPM-YQMYLLCHYEDI-MP-TWSCG-KCNERSKMPH
Seq_14,GCYCCGACGUCUCUCUAGAHGCUAU,TAACTATGGACAATATTTCTTGTCAGAGTCCCCCCG-TGGAAGGT-CTGACCCGGTGTAGTCAGC,DNIRFDWYIVHFPSWVKGDAWK-F-KHPYSLTRMGHQDGCIAFHSILIQIHIYWLADYEIIYYWKY-LWDCGS-A-QMTK-YTT-SRCMVDGWLM-DSAASMDRNSRQIN-DRWCY-QEA
Seq_15,UACAAACAUAGUCCACUSUGUUUGU,TACCAGTTTTCCGCACCGTTAGTTGCTCCAACGTGACGCAACGASAGCAAAHAGATTCTCTGGGA,KLCLGHGQFITHHWSLCRSYQLVYYWVAEVWMWMCNLYWVLKLCFTVCCPSLGHISRCAEVFLSTR-SQNIKKYLEWPMAYAVWN-VSIIMMGSYNTEVFERAEC-SDFNNAWDCV-SQY
Seq_16,CUGUCCUGAUAUCCCCGUCUAAAUC,TGGATANGCCACTTGCTATCATAAATTCTGGCCTAAGCGCGGMTCATATTGCTGGTGCGCACGCA,YNLMS-VYLVWFETAKRQFPNQWGAPFRFHNYSVLQFAPIDCKPQEKTTVRYC-MDIQISYMG-PVCEVFMSL-GK-H-SMWLYMESCMYWCIWQTISKSAQVNDTGARYDFWCQERICK
Seq_17,GUGGAGACDAKCNGUUUGGGAGGAG,TATAATCGTMTGTTTGCTTGACGCAAGAAAGCCATGTACCATCTGAVATGCTCTTGGCTGTACTC,DGHYLP-PTPWATIGYDCATENQVNTCYYLLEELKIWNVAFARG-THNHHFSKYPYYMGCKHGYNFFFEH-HMMCSETPQATLYMGMFVGFSRKEV-NSASHDLPEIFESNNRFMMWQHN
Seq_18,CAUUCUACGAGCACACUAAUBUGCG,GTGCCCCTATGTGTGCGGGGCCCTGACACTAAGCTTAAYCGCCGCAGTGTTAGCSACCACGNAAA,YVPYWYKNGNLLQLDMCCKL-FARKTEK-QGKRNQSLP-PELIGGGY-FIFQKFCEATNTPSASMSQYD-KLELV-TQDVRGDTSNVSVHPPHPDVCQAI-VMHWI-YNSRNGMFMEKWL
Seq_19,CGGCUAGUCUGUUUCGGGAUGCAWD,AATACGTTTCCGGYGATTTCAGAAACCTTTGCGTCTACCCGCGCAACTATTCACTTGTCGAAGGA,VLD-MPCLKANQRTPREILAMQDWLELHNINYYE-VRWWISF-RHMPPVHHEAMWCYEMTRYSI-YDKFK-TMGSDMWFWQSTNHHHLYFICMETNTIRWIEDSHS-CRTTFQAQCKPFR
Seq_20,CCCGCAHGUUGUAKAGCCGAUCAWC,AATCTTT-TTACGGTCCBATCCGGAAGCTGTCTGGTAGAAGATCGGATCATGTA-GTCTGTCAAT,T-KNMSWNIYILGLW-AQDYTTNNIQGVP-LCVRIDDMSATSKCFVMRGTKTMWCGEKSKDGDHKNCPPHQDYVEGMA-CQWAQAGQACNYHYITFWNHPIDSQPENRAIRSYEMNFPVC
Seq_21,AAAGCCCGGUUGCUUAGCYGUGUCA,HCTGGGACTGTAGWGTMGCCATGAGATACAAAAGCGGAAGTAGTACAGATCGGWCGTAGGTATAC,TKMNGLFVHCAGMFPQDEEAPTAC-FGNDMPVVETNWRYFNGTDHIQTVNHNWSCARDF-TF-PTCLHHWNQWWLDRNIYLMPILDPIPIRM-IEAQKHMHILDYQVILKDVRKPEG-EV
Seq_22,GUKAAUGCAGAACCUCCCUUUCAUU,TGTAGGAGTTNGCATAAGAGGCCGACAGAAACATGTCGGHAT-CTCGGAGATAGCTGHCGCTTTA,MFNNDGGKVWFED-MGLYHPKRKKFRNDNELAEYC-ITMRTGD-PNIGTWPMPSCQECQVGRKNCPWTYELDHWKCDNFYFEK-AWATEKDQFSWFRWCIYHGAQHH-VVIKCELWLAKP
Seq_23,GUAUUUUGUARAAGGUUUGUCUAGG,TGGGAATATCTCTCCCTGACGTTCGGGCCGCATGTGGTGTCAYTTAATAGAGGACCGGACCCCCR,DQITCGQH-LEYAFNWS-LVFWVWNNFEEEVCMVADPFGTPFIFSNSKNA-PGRQMHTWLRVVNCIPCTHHSNCDGGRIKDQDPCCR-Q-IS-GQAGQRMKNAIVNNP-DRGCLSGMAKW
Seq_24,AGUUAGAAACAGCGCCCCNCGGGUG,GATTCACGTAGATCACTGC-GCCATTGTGCCAHCCGGCGTTTGGCGTCGACGACCCTCAGTATCT,AMVPWWMVLIFHCTNEQPWWLWWRNNNAFMQDKCKRMQESDWSHHNWHRCMIVQQVTKWPYECTPRWMCP-CIWKR-VNA-HNWSFIFKIYPPIV-QHPMQTWAWRDGDIPKSSCSAQHW
Seq_25,UUUGVCHCGACUCCUUCUGUUGUAC,CATTAGCGGCADGTACGCTCTTCAGTCTCATTCCGTGGAAWAGGGGATTCGCGTYCGTTCGKGAC,NCCRQVYCYQFMEPGSWRGWQGSIITRVPYAHCRILGCKEVACVFSNLFNDLWKGVADLPNLRYPIEG-A-EFYHFFEEMMLSFWRVNNARKFGTKRSWFQR-QDGKSADG--QMSNEQC
Seq_26,GUCUAGUCUAACAGACAAUAGUGAD,AMCCTGCAGAGCCCTAGATCACCGAGAAGGGTGCCATTTTACWCGGATCCCTTCCTACGTACSCG,DCHWSLIHKMLVENQNTDRRFMSNGCTCSLAKPEDHVSWQQFHAMYMLRMTQSIGQDDP-EKTWYTFR-LNGQG-QFKKKNLMMS-YQIDAKPL-AMQVI-RFICRDAWECITTAEPCTV
Seq_27,GGGCGGAGCCGGCUAUCCCUWGGGA,GGTTAATAGAGACGGGTTCCDTCCCGCCMTACCTMGTTGGTGAGCTTTGTTGACTGCCCATCCTG,RPCLWHVKDATLQTSYCPVLCHPTWFVMAVEIYAWFIWLIFIALQDYV--NVQDE-YKEMTCQRPGD-YQATF-CRPMRKYANIN-LRRQAYEMNWFQLNG-WHHENMSPWEHEPTCWHA
Seq_28,AUCCAUGGCUCCAGAUAGGCCUWGA,AATCGGCCTTTTACAGTTCCAGBKCAAGCTTRTAAAACTGATACAAGGTAATGACGG-CAACGGT,G-REYKDIVYHNRS-DE-NVITNELLPSIYQHGMKREECCR-DNESIKCR-AFNKCCLSCWSAKAYIAYAERDPIWMDP-HPKYTVYAIYCFKLGGMPENRNLLIQESATCLIQKNEEIG
Seq_29,UAAACASGCCGUAUGCAGCAGUMAG,CTTTTGCATGGTTCGTCATGGCTTTTTCAGCCATCTTCTTGATCTACCAACGTVTACTCTCTTGT,IFCTKPDPRAWVDKVQGIRPSQHPKEQVLWPSEV-RNT-HKCKIHCRWTWFRFIHRKHWYQLHCVLVMIVDRHQPEILCIIPQYFNHACWYWIGWNKSSRNVFC-PYPPSAICMKYGMIN
Seq_30,MUCACGGAUCGUYAGUGUUCAAAGU,ATATMCGTGTTGTAACTTCCCACTAGGADCGGCACAATGACCGCCCASTGCATCRCTCSTGCTCA,QVCQTIDLRAREVDACFLAWLQSISVNACTPDHPQIMIYIKAQCPIIAAIPESSKFCRQKSMDW-SYYC-GAFGNLVIRETQLEWYSYIYE-LQEFDTAAQGDHRYKQIWNRVCPHSFSY
Seq_31,UACCUUGGUAUAGAUCCU-AAGGCC,AATAGGGVTGCAGAAGCAGACAGGCACCCCGTGGTAGTGGTTTGACTTCAATTTATDGAAGCCGT,PWKDSRDSDGDVDANNLWGRVRA-QVKCKMQDNNVFKML-ACVSRFICNWQDIKEQPAMNEMKYKVATRRQCECNLQNKQAV-AVRI-LQNNFKDYPCWM-WRTPNAPEN-NDQLAHVTT
Seq_32,AURUAMUCGAHAGGCGUGGRCGUAU,AACATGTGCTAATTCCATCGGGTGAAGGCAGCKTTGAAGCGCATCTAAATCAGTAGAGGAAGTGC,GWEIWIICAEHSMYICNCGLCPFKHVTNDICESAHITQFQAFLEHPISTDDLTERYDVAFI-MTTAK-RDFEVMCNGVTNQQTMKITCASFSIVRCTDQCYQPLFCLWNSPKPMRPAGEY
Seq_33,GCGCAGGCGACAAACAGGGUACUUG,ACAGGBCTACGGGCTGCTTCGATGTCCTTTATCCAC-ACTATCCATTATTTTTTTAGGCCCTTGG,-VCG-FREQMRWRM-DLDWVFEYVMTTYWFHAFSMTVEFVE-LPNS-WYMEVEEHGPNYPSAEYKERRSRTQQLLCYRYCSHDAVR-W-LRSQIDAKLDQESSAMRYQDCSRAQKHRAMQ
Seq_34,GUUUAGAUAUAAUACCUAUGAUCGU,AYCCCCTCCTCYAGAACGGCTATGCCTGACTTGAACGCTTGTCGAACAAAGAATAGTCAGGTCTT,VYWEVPSPLGC-FEIIQR-R-RHLFNNSTAMAWAKMLMDVS-YSWFWPWEISCYTQNHMIA-PPGACWYTSR-FHWTKDGWAKVHRNPNSGCYEAIKLPTSQTYLEYCHDGWANDTKISI
Seq_35,MUCGUUCCRCGCGAUAAGCUCCUCG,GGCCAGGCGTGGAADCCCGTTACGTTACCATCCGGCTAGAGATTGGGAACGTCCTGTCTAACAGA,GSITGNQ-LTNVLMWSEDFMIDGHWGH-LHMEEFYHMNMIWTM-ALSFPTSGVTPYKPQMHMANEHALNIGPACSQPAMMFKQSIKHSHHFNDIHHPEVTPQVLETKMRMQMWIRYYPCE
Seq_36,GUUCACGGCVCAGACCUGCAGGAUA,GTCGSATTCAATTCGTARGTCTGACCGATTT-AGAGAGGKAACCACGGACATAGTTAATATYTCC,LLQPHNKQMITRSFETQSH-APRWLFMFQGQIMQNKWTNTY-VP-WERKVRHYDDHFKAWEVYPAWPWRAPEAGQEYACSAVWMDMYMGVYIKSAPDIIVHCLDRWFKAVRVRPMDHNNV
Seq_37,CAGUACAAACGCAGACUACGGCAUA,GTCATTGCBYAATTCSGCGATTAAGCTTCAATAAAAGGGAGGTATCGTTCTCATCATCGACGGTT,TALQIKS-CSDCWYTRPPPMEMSIWDDTEHWTGNPVEAMQDPESFMGRHHPSFAYFAFQFLLQ-WKREKNYKWKAEA-RWTDQLMCFEWMTRDEMFASAKVSV-QPQH-TVLTHQQD-TL
Seq_38,CGUAUUACAUUVGCAGAGUUUAUGC,TCTCAGCACTAGTGTGGTCCTGCGATHTCTCATTGCGTTCCTGTGAGACCCCAACTCGGCGCGAC,HMATWAWTQYYVRIDQTTES--GM-NFVMRHICPTPAASVYIDRKFTSTPQVARFCPDT-EAPDHWPQEGTQCLNKWHIAEFLEWIFYDFIREHKWTDFQ-AEYQS-ITVPMPFPLDHLH
Seq_39,GAGAAUACGCUUAUAAUGGCAAAGA,TGCTTATAAGAAAACAACCTCCACATTTGGTTTCGAAAAABTTACAGGAAATCCGACGCAGATTA,AENEYPENSKPFNFDEITIH-GQVWAAYCRA-QGPSMYKIVMPPHKKEQLQMIMDVILASNYMIKYEDI-GS-LILHGPDRTADWKYVC-MVFDFYDLWICHYVPN-TSPQWHMVWERIM
Seq_40,GUUDACCCGCCAACGUUUCCUUUGG,TCCGCAGCTAGAACTGAACTGATCCACCGCACTGABCGGCTAGTGHTCAAATCNCTAGAAGTGCG,YMFFIQEA-HNNSLY-SDYVWTGWKDQLCQTAFHGDSVIM-HEDWVVGPWIITDF-DCDCPRHANMSRQPNCLFWLYK--AETHKYQNSCFRCFFTQLASSGKSSETLGITCTDSNKQPM
Seq_41,GAUUAAUGGCGAMGAAGGCUUUUUA,CTGTGAGTCTCACABCCGATGGATTCCCAATACGACATTCAGGACCCGTGCAACGTAGATTGACC,WFLINWYWPVTCVWYRNMSTRGGRKVEMWVINRDHFWAASHLACC-KCVMLHQVYPE-QSGSLYDY-PHHDFYNK-DSMEDKEWFCCTTDSGRAWFQFDSFVQLVDDAKFCYMNGKLKNL
Seq_42,AACCUCUUGAACUA-AAAGAAAACG,GTGGTCTTGATGATCTTTTGCTTTGARTTCTATGCGATAAGTGCAGAATGACCAAGCCGTGGTTT,QENCWWMWNQGDEIATASGKDDRET-FPT-EFIYQEP---PKCPFMSYMFEEGNRRYYRFPA-LFVTVFDVWDYAMCHFFATGTNFTPEGLFQMHVSVAWAAPLFWEGQYLVATWQWTMG
Seq_43,UGUUAAHCAAU-CAGUAUAUCCCAG,-ATCGTTGCTCGGGGCTGGCCCATGCGACTGCTTCGAGCTTTGTGACTGAATGGCGTAHTAAAGC,N-RSTNAYCQYVWRAHWDLVLKDRVKTSA-IFKGPISDYKKVDMGQWYKWLGQVHVFMYTFLNHYIWDHRHESINHNIDDTSKPDP-KDDKEGHYLEYFYKQATPYVLMKPQQYF-AGHS
Seq_44,CAAVGACGCCCGUAAAGUGACAGUG,GTTAACGGATCAGTATGTTGTTCAABGGTTCCCCAVAGGGGKAATAAGWTCTTTAAATATTTCCC,QSQHM-VMHANQMRVFRWWIRCPCHSDSAANTSHDTELQFPNYEWGPNRNFCFDPDAWGSHYMIHCEPH-TTL-QWYPFWMCDRPWSAEWTVQEFQRDSHGFGGTAIAYLYHDRLQTDRW
Seq_45,GCACCUCCCUUUCGUGGGCGGACCG,GGCAGAAAAGGAGTCCAGATGTCCACTCTCAAVTAAATGCTAACVACCTAGTCTGCCTTGMAACC,-LMRDCFRFYCI--SRWTFPRHEWAEFNRMQHPIRTM-GKPCTQVSE-GMYMKEFLEVAYC-QMGHHSHNRFNVQVATEYVSGECSTWDNKNDCQDTY-DRREEFMQCFYWYYWKRRLMC
Seq_46,UUCCUUVGUAARAAUAAUGAUAAAC,TTTAATGTTTTSAGCGAAACGTGCTCACCTGTGAGCGGCAAGGAATTAACCTTTCACACCATTAA,CVEYCRQITADSSDSWVHDVMGS-YWIIYCQCHDFDYLKFGQAAVEYWVSKMYAMRVAFQHKFKYIYTGNLPQPGFTVCV-WIRQRDLNKCP-GSWKSSMMRQFWTRCFPQ-KTLCWISL
Seq_47,GGACN-GACAACUAAUUCUUUACCC,ACCTGTTACCAGCTCTGACCGTATATAAGAAGTTTCCGAACCAACGTGAGATCTATGCGCCACGG,EWMVWVPFGDVIGKTARCEWIVNARNDHLAESEPMGDWKTI-KRPKNMRSESGTDYEQFCTWNDYYSWCAHENQTEWAVHS-NGKDWIEFYSRGAFNVVKHA-TVWCEAWRARESCQMNL
Seq_48,GCAGCGCAUAUAGGUAGGCUCABGG,TCAAAACAACTCAATGTTTGGCATGGGGCCTCCCTAAGTAGCGGAACGTTTTTACTGCGACCCCC,HMKLPQMTSCMWNDMNKSRWYLPPWLG-LMDISGFAHYHWVCILGHDQEKAEQPGEIHRSDQHLCALSAQNGN-TFVHLQNNIQMCYASVTELGYGMAAIGWTIIQHRHLDIKIGFDHP-
Seq_49,CGCGAAUCGACUUCGCCGAGCCYCU,AGCGAAGAHTTGGACCTCCATATTCTTCTGTTCGGCTGCCTAATGTTCCAGGCTTMTTGCGCGAT,QKNPPSAAMYPDQNWSSYFPNSYHCDDRKPNKHRDAPWKDTCNVVFEFHLCIDKFMYCFQCPWYAEMTHSWYIFVHDY-ACEHNPCLHNNTSCDRCYPPHHLVAL-YWRYAIDKHCMWEF
Seq_50,GAGCSUMCAUCACCUUUGGCGAGCU,CTCGATCAATCTCNAGCTTGGGCGAGCCGGCAGAAGAGTTAGTAAGGGTCTGGTAAGCGGCGACA,
Seq_51,UGUGGUAGACUGCAUUGGAGUCGUA,CTGGCCMCWGTACCTTACGCCCGTAGGCAGHGGCACCCAGGCCGCNTTTAGTCCGGGATTGGGAA,
Seq_52,ACAGCUUAAGAAAGGAUACUGCCAA,GTGGBTCTGAGGCWTGTAACCTATAATTCCCCCGCAYTTCMTCAACARGTAGCAATCTTGSGACA,
Seq_53,AAAANUUGCGGUCGUUGAGAUAAUA,TTAAACGACCGCTAATCTGCCCDAAGKGCTTCAGCAGAGCACCAATTCTTTCAGCTADACCGCCA,
Seq_54,CUGUUCGGAAYAGUGAUUCGUACCC,ATGTTABTTTTTRTTAGCTRTCTACGTAGCCCCAYKTGGKTTACGTCGCTTGTTTCTCCACGATT,
Seq_55,CAUCACAGACUAUGUCAAGRGUAUG,GTAAACACAATGCAATAACASCCACAACACCTCCTTTACCGGGGCAAGGCTTGATTATCGAAGCC,
Seq_56,UYMGGARGUCCUGUCUCACCGCAUG,TACAGGGGCGTGTAATGCAGGATGGTGTACCACAACGGACCCCCTTCGABAGGGCCTAGTACAAT,
Seq_57,UUACAAAUGGUGUCACCCGCCCACG,AACGAACAAATTAGGTCTCTGGTTACBCAGTAAGCCTGTCDGGATACGGKGAACCTCATACACCG,
Seq_58,AGUACCCRAGUCCGGUACAAAAUCM,GATMAAATA-TTAGAAAAGACTGTGCCACGGACTCDCGCTCGGAAGGTATTTGGATTGGCAGATA,
Seq_59,GUGACUAACGUCAAAUGUUCGUUUG,TCGGCVATCYTATCCCTGTTCCCTACBGATTCTGCTGGYGTTGAYATGCGCGAACTACTTATAAA,
Seq_60,UAGBAAGCGGUACUGUUAUGACAGC,GAACGCCACCACAGCATATAGCACCGATCSCTTTCHTCTGAAGCAGAAGCTACCGGANAACTSCC,
Seq_61,ABUCGAUUCUAAAACGAACUACCAG,TAAATGGCTACAAGACTATATGAGGCTCGATTGGGCATAGAACTYTGGAACAGTTTAAGCATAAG,
Seq_62,GUCCUCGUUCGGCGAGGRGUAGCDG,MTGCCTGACAGAAGACATGAGAGTTTGCCATTGGGCCTTTCCGAACACH-GGGCCAGTGACAACG,
Seq_63,UCKUCAAAAACUGUGGBCUAGUGCG,ACCAAAGCTACCCATYAAGCATTGCCACGTCACGCTCGCATTGCAACTGATGTTGTTGTGYAWAT,
Seq_64,GGGCCUGGAGUGUAUCUCGAUAGGC,TTATTCCGAGGTATCTTCGGTACTAATCAGGGTCACCVACAAACTATCTTTAACCACGTACCTCC,
Seq_65,GNCYGUCUUCUUUGUAGCCAACUUC,GTTTTCCCATTAGCCGCAGCAGACCCATAACACGAGC-GKGTTGTAACAACGTAACTTCACATCG,
Seq_66,UCGGUCCCGCGGCUAGUCGGCCACU,GTGCCGACGCGGATCATGTCGTGGTAGGTCTTGATGTATCACTACACTTCAACGCTATGCAGCTG,
Seq_67,GUUGACGGGACGGAUCCCGUGCUUG,TATCCN-CWCCATATTTAGATCACTAGTAGGGTGGGCGGTCTTTACCGCATAGCTTCTTCTTTCA,
Seq_68,AUCUGUAGGUAACUGCGAAAUAGGU,TAATTCCACTAGCTGGGCCCGGTTGAVCCTAATTACGGAACGGCATTGAGAACGATAAGATTATC,
Seq_69,CGCDGGUUCCACCGGUUUCGACCGA,ACCATHTGCGGAGAAAGGTATGGTACGACTDACGAGTGABGTTACACAACGCGGCATCCCTAATS,
Seq_70,UAAGGWCUUACGACUCAAGCUACAG,CATGCATGCACCCACTTTGTTGCGTTATCCTCTTGGTTTAAGVGCACTCTAGCACCAGATGGTGT,
Seq_71,GGGGGCCACUGGCUCAUACCUCCUA,CGGTCGGGGAWCCAGMGCCTGGCAKATGTGCCCGNGGAAAGACTCMCGCKGAATCGRANAGCVAC,
Seq_72,AGCGUGACUCUAGRGGACUCGUUU-,GGAAGGGCBATTAATTTGAACATGTAATTCCTSTATGATCCCACAAGGACACCCTAVATTAGSCT,
Seq_73,ACUCAUACHGCGACUUUUGGCCUCA,CAAGVGAGGGCAAGGGTCTGGTACTCTTTGCACCAGTATTCTGCTGATTGTACAGGATCTATCTG,
Seq_74,ACGCGUCCCUGGGCUUUAAGGUGCG,GGAATGGAGATTGCCATGTCTGCGCCMTATGTCTTGGCGTCCTTGTACGTAGCAGCGCACAACTT,
Seq_75,GUCGUAWUSUUCCCCUGGUCGCCAH,TAAGCTAGCTCCGACBAACYAGTTACACC-GGGCGCATTGTCAATAGAATTTTATATCTCAGGTA,
Seq_76,UCAGCACUCCCAAGGCUCUUGGAGS,CCACCTGATGCTTGCAATCTCGGATACACGGCCGCCTTTGAGCCGCTAAGTTGGGAAGGGGGATG,
Seq_77,AACAAAUUUACCUGGAGCCCCGUAU,ACTTGCCTCATTAGCDTTCT-GCCVGTCCTCATCTACCGTRTGGGTGCCTACCDCGATATCAACG,
Seq_78,AGCYAUCGGAAGGCGGAUUCCGGUC,GTTGTAHAATACGTCAAGAGATGGCTATTCTGGGATCCGAARYAAAATGTTCCTTGACCCGGTAT,
Seq_79,GGGCUGAUUNUCCACCUCGGAAARG,AACGCTCCTACTTCGATGGDTGGGGA-AGGAGTGGTTTACWGAACCGGCCCCTGATGAACCGRGG,
Seq_80,GCA-GUACAAGWRNGCGCGGAACAA,AAGGGGACTCAAATAGGTGCGAAGCCCGCATAGGTATMCCCCATGGGGGTAAAACTCGCTTAAAC,
Seq_81,GACAAUCGAUGUAGUSCCCGAGUYA,GATTCTACATACAGACGTTAVWCGG-AVGGTGCATAAGCAWTGATCAACGGCTGTTGCTAATAAC,
Seq_82,AUCUCGCAAGCUCAACCCGCCGUGG,GGATTTTTCGTCGACTCACATGCCMCCCTCAGAGTCAATCGGTCNTGGCAGCGTTCCTTCTTGAA,
Seq_83,GHGGUGAUUCUGUAAGAGCCYGUCA,ACGCTTCAGAGGTVGGGBTTGGCCCTGGTCCTAGGTNTCTGAATTAGCACTGCGCGGGYTACHCC,
Seq_84,UAUUGACUUGCGGYGC-AAUCCACC,AWBGAAGGGCTTTCTADACAGAGGTTGATGWTTACACCACACAATAGGTTCTTCACTCGTGTCGA,
Seq_85,CACCGCAUGAGG-UUUAAGGCUUGG,ACCCATTCCCATTCTGGGGTCCGGCGAGKGTATTTGACCGAAGTCGTBGTTGTATTAGTTCAACT,
Seq_86,GUCGCUUAUCGGUGCAAAGCAGABC,GGTAGCGGAAGGGTGGTGTCTCAACAAACGAGTGATTGGGGACWACCCATGGGTGGCATGTATGC,
Seq_87,VUGUCGGAUUACASAGGCCAUACUC,CCGGGGCTGTTCCCTTTCCACTAGACCTARCGGGAGTCAAGAGTACACGTGAATGGTATACTTGC,
Seq_88,GAUCUGCAAGGUCAGUCAUUUCCGU,CAAAACTGTCAGTTHTGGCCATAATGGATCTCTATTAAAAGAACGACTTTTCTCAAGTBCTTATA,
Seq_89,CUUAAUAGCUAGCGVGUACUUUCUC,CGCTGACACGGCTCACATTCACCACCGTTGGTTGGTGTTGVCWATCAGCGAAACTGCGTATAAYH,
Seq_90,CUVCCGAUACCUCGUCCAGCGUCKG,AAGGCTCGCCGCGCATCWC-GGCTAGAGCCACCAAAGATTCACGCCATCACTACTCGTTCTTCAM,
Seq_91,UAUUUUAGMCGGCAAUAUCAAAUUA,AGTTCGTCCCTGGTGCCTAGTTGTCCCTCCGAGGCAGTACCGACGAGAAGTTTAAATGACCCGTA,
Seq_92,CUGAVCCCCBCGGUCGACUUGCAAG,TTCCGTTGGGGCGCCGCCTATGGCACAAGTSGCCAAGCGAGGCAATGGATCGGGAAGTCTGTACT,
Seq_93,AAGUGCGUCMUCAGUUMUCUAAGAC,GTTGTTGCCTGTGTATTTGACATGATCCAGTTTGCTAGGGTACCTCCGGGGGCATAGAGCGAGGA,
Seq_94,CUGGGUUCGCUCMACCCGGUUAUCG,CAGAGGGGATATGGGTTTATGCAAAGGACCGAATGAHATGVATAAGCTTTAACATCAACCCAAGA,
Seq_95,GAUCUUCAGKAGAGCGGAAGUCCUA,GCTGATAATGCCCCAYGWTAGDGAATTTWAAAAGTGATGGCAAGTAACCCTTSGCTAAGCTAGGA,
Seq_96,GAAUGCAAGGACCGUAUCCGUCGGG,TTCTMTTTATTCACGCTMTCTTCAGCTGTAGAKTG-CAATCAATACGGTAAGGGTGAGACCACGC,
Seq_97,UACAAUCAUAACGUUUCGUUCCACG,CAG-TAGTCGACGCAGNAGGGTGCGCGGCACTCGAAGGTGAAAATCAGGSACTCTCGCCAGTTTA,
Seq_98,CAUAGUGACUCUUAAUBAGGUGGGC,CGGCACGGAATGGA-GATAAAATAGTHCCTAAGAGTGTATTCATTGTGCTCTCACACGCTCATGC,
Seq_99,GUAAUACUUCCCAGGAAGCGAAUGG,ATCCTTCTATCAGAAATCGGATTTAAAGACAGGATGGGAGGCVTGAGGGSTGCAGAGCAAYCCCG,
Seq_100,HAAUGGACGCAGUAGGUUUUCAACA,,
Seq_101,CUGCACCACAAAUAACGGKGGAUUA,,
Seq_102,AGCGCAAAWUAAUGGGGGUCGGAUU,,
Seq_103,GGGGAGCGGUAACAUUGCGGGAUGU,,
Seq_104,CAUCGGAAUUWGGGASAAUAAUGCG,,
Seq_105,CAAUUSCACGGUAGAGGGGGCAGCA,,
Seq_106,AAGGCCAACGCACCAGCGCACCCUC,,
Seq_107,ACAUDGGUUCACGGAUCCGUAACUU,,
Seq_108,CUUUACACCCACCAGUCAAAAUAUA,,
Seq_109,UCCUCGACCUGUAGCACACACACUC,,
Seq_110,GCAGCAAUUUAAUKCAUUCAGUUAA,,
Seq_111,CAUCCCUAGGCACCCCUUUUUHGGY,,
Seq_112,ACAGUCUCAAUGCCUUGCRCAGUUU,,
Seq_113,AAGGGGAGGACAUGUAGCUGAUGAG,,
Seq_114,GCCCCUACAUGMGACAUCAAGUGAC,,
Seq_115,UGGGGUCCGGGAUACCGGCCAGGAC,,
Seq_116,GUAGCUCCCCACCCUAUCCAUAGGC,,
Seq_117,AUAUCCCCNGAGACUGAUUAUUAUA,,
Seq_118,AUCAGARGAUGUCUACAAMAANUMC,,
Seq_119,AUUUAUAUGUUAAUUUAMGUUGAUU,,
Seq_120,CAAUGGGUCAUAGAGAAGGCCUCAC,,
Seq_121,GACAACUCGCACGGUGUCCUUUAGC,,
Seq_122,CACUCCUCGCUGGGAACGUCAAUSA,,
Seq_123,CUAGCUUAAGUCGUCCUAAGGGAGA,,
Seq_124,YACCCACCACGUGCAGGACUGAGCA,,
Seq_125,GCGGCUGKAUGUAUCAUGUUAUUCC,,
Seq_126,ACUUWAGGAUUUCAUGGUUCGUAAC,,
Seq_127,AADACGAAAUGCUGCCCCCUAAGCA,,
Seq_128,AUCAAAAUGGAAUCCCUGCACGAAA,,
Seq_129,AACUACCNAAAGACCAAGUUCUAAG,,
Seq_130,UGAWGGCCUAGCCAAGAGWUGCGCC,,
Seq_131,AUCGUDGGGCGCAUCUGAUCUAUGA,,
Seq_132,ACCUGUACGGGACGUUAUUGUCAUU,,
Seq_133,CACAGUACACGCGAAUACACUACUC,,
Seq_134,UCCACUCAAUGACANUGAUAGUUGG,,
Seq_135,CAUCYUAGCGCCGUAUACAGUGAAA,,
Seq_136,CCGGCUGUUACAGVAAUCCUACGCG,,
Seq_137,UAGAGCCUGGCGHGCGAACGAUCUA,,
Seq_138,GUGUCCGUACGAUGUCAAUUUAAAG,,
Seq_139,AACCGCUUCCUGAGUUUGAGAUDCU,,
Seq_140,CCUACGUGUUACGUCBCWCAUGGGA,,
Seq_141,UAGUACUAUUCCGGCUCAGUCCGUA,,
Seq_142,AGGCUUUKUAGUCHCCUGCUGUGAG,,
Seq_143,GCGGCGCCACGGCUUUUGABCUGUU,,
Seq_144,UGCUCGAACGGUACGCAGAACAMKA,,
Seq_145,GAUUUGCUCGCCACAUAGAGGUAGU,,
Seq_146,UUGAGGGCACAGGYAACGUCACACG,,
Seq_147,AGCUVUCAGCCUCGCAUGAGGCUCU,,
Seq_148,GGACAGGUACCUCMYUCAGAGGAAA,,
Seq_149,AUAAGACCGUUUGUGUAUUCACACG,,
Seq_150,GGGAAUGAGCUCAACUGGGUGGASG,,
Seq_151,ACGUAUUCACCGUUACACUUAAUGC,,
Seq_152,UGAUCAGAAUARUACGAAAGUCAUU,,
Seq_153,UUAAUGCUAUUACUGUUCAGGAUAG,,
Seq_154,AACACACUCUACUACCACGGUCCCU,,
Seq_155,GCGCAGCUUGGCCCGAUGUAUAAGG,,
Seq_156,CCGACUAAUAGGGGCGGAGCCCUCA,,
Seq_157,AGHGACGCCAAUCUGCACAGGAGGA,,
Seq_158,CGUASUGUAAUAGAGGUAGCGAAUC,,
Seq_159,ARCUUCCGGGUUCCAC-GUCGCAAA,,
Seq_160,GUAUCCAUAUUGUCUUUGGCUCACG,,
Seq_161,GGACAACGGUCUAAAGGUUUCGAUK,,
Seq_162,CCCAACAUUGUCGGACCCGACAACA,,
Seq_163,CACUUGCCUACUGAUACCCAAGUAG,,
Seq_164,GYUCUCGAGUGAAAUAACACAGURG,,
Seq_165,AA-AAAUGAUUAUACUGCUUAGGAC,,
Seq_166,CAAGMCCACUUUUAGCGAAACCAGC,,
Seq_167,-CAAAUSUGGUUCCUCGAGAGACCA,,
Seq_168,GGAUUCCCUAACASGUCUCUAUAAU,,
Seq_169,GDAACUCGGGUCGGUGACGCAAAGG,,
Seq_170,GUACAAUUAGGAAAAUUUACACAUA,,
Seq_171,CGAGGUCAGUCAGACCUUUCWGCCG,,
Seq_172,CCCCCUCGUGCAGAAUUCCUCCUUC,,
Seq_173,CCGUUCAGUAUAUAAUUSGGUCUCC,,
Seq_174,GCGCCGGGCGCRGCCGCGAGAGUGU,,
Seq_175,CCGUCAACAGGGCCAUAGAGCAUUG,,
Seq_176,UUHCCCGAACCCDGCCUCACGGGAA,,
Seq_177,CUCUGUCUAUACAUACCUGUGGACC,,
Seq_178,UCAUGUUGUUBCCAWGCCGUCGGUA,,
Seq_179,GCCCRAUAACHGGGAUUGUGGAAGA,,
Seq_180,ADCCGGGGUCUGCCGGAUGAGGCGC,,
Seq_181,UGGCAUGGAACCCUACCUAAVUGAC,,
Seq_182,AGUGGAUUUGKCUUGUACGCCGUAU,,
Seq_183,AAACAGCC-UUGUUAGUAAAAGCRG,,
Seq_184,GGAUUAUUCAUAAAUUCGGCAUUGC,,
Seq_185,UGUUCACAGUAAAUAUGUCUUGAAC,,
Seq_186,UCAGUUGCUGGCACCCUUGAAUAUU,,
Seq_187,GAGUCGUGCGUGCGGUACCUCUUUG,,
Seq_188,GGAGAUAAGGCUCUCUCCACUUCCA,,
Seq_189,ACAAUGUUCCCGGGAGGGGAUGVUC,,
Seq_190,GCAGAUACACCUUAAAUGCGGGAAG,,
Seq_191,UGAGGCUAAAAAGUCAGCCCGGUCC,,
Seq_192,MAUAA-AAGGAUCGCGUUCAUAGUA,,
Seq_193,CCCUAUCAACUUUUUAAAYUCCGAG,,
Seq_194,GCUUAAGCGUCUCCGCGCGGCCUAU,,
Seq_195,CCRUAAGHCAGAGUUGCADGUGGUC,,
Seq_196,CCCAGVUUAGAAGUAGAUGUAGGGA,,
Seq_197,GUCCGCUUUAUCCAGCAGUACCGCU,,
Seq_198,UGGAUUAGGGSMUGCUGCGUGAGCG,,
Seq_199,AUGAGUUGGUAKGAUUACCUGGGAR,,
Seq_200,GUUAGACCACGAAGUUGAUUCCUAU,,
Seq_201,UGCCGCAHAYAUAGCUCUCCCGAUU,,
Seq_202,CUGGAGABUACCUUAUGUUUGGAUA,,
Seq_203,GCUGAGVCGVUGCGCUUGAHGUUCC,,
Seq_204,UCUUCAAUUGAACDACUUCCCCUCG,,
Seq_205,GCGCUAUCCUCUGGCAGUAUAAGAG,,
Seq_206,AAUUCAUGCAAAAGGACCGCUGAUG,,
Seq_207,GAGGUGUAAGUCGCUAAAUCCGCAU,,
Seq_208,UAUAGUACGAGUGGACGCGCGUAAC,,
Seq_209,CCCCGAKUCUUMUCGGUUUUGUAAA,,
Seq_210,UUGCAUGUUCGCUUAGAUUUAUUUU,,
Seq_211,GUCGUNCGUUGCCGGCUGCGAUGCG,,
Seq_212,AUCAAUAGCUCGCCGCHACUAAUGC,,
Seq_213,CUCUMCGCSGGCGGAAYCAAGCUGA,,
Seq_214,AUUUGGGCNACGGGAGAGGCUCCAA,,
Seq_215,ACGUCAACCCGCGAUAAUUCGUGUG,,
Seq_216,CCGCUCUCUGUCGCACUAAACAGUU,,
Seq_217,GAGUUCUAKCUCCCACAGAUGCG-C,,
Seq_218,AUGUAUUBAAAAGCAGAAGGGCUAC,,
Seq_219,ACGGUGAUUAUUCGUCCUCCCGCAA,,
Seq_220,CACCGCGUCCGACAUAUGGVGCAAA,,
Seq_221,GGGUAGCAGCAUAGAUUAUGGGUGG,,
Seq_222,ACAUAUGAUAGGAGACAUAUCCCUA,,
Seq_223,UCGAGACUAUCSCACGAGCGAGGUC,,
Seq_224,URCAAACGAANCUUAUCAACAGCNA,,
Seq_225,CUAACUAGUCACGAUCGAAGAGG-U,,
Seq_226,UCUCUUCCAGCGACGGAGUCAUGUU,,
Seq_227,CCUCGGCAKAUCANUKCAGAAAGGA,,
Seq_228,UUGGCCGACUAUGCGGUGCUGGUAU,,
Seq_229,CCAGUACCGGAGGACAGGGACGCAU,,
Seq_230,UGAMGCGCVAGGGGCGUUUUUGACN,,
Seq_231,UGUAGACCUCGUCUGGCCCAAACAA,,
Seq_232,ACUGGAUGCACGUAGCCCUGCUGCC,,
Seq_233,UUAGAAGUCACUGAAWGUUGAAGCA,,
Seq_234,GGGGAACACYGUGCGCHUAUGCGCA,,
Seq_235,AUACUUWGCCUACAACGAUAGUAGA,,
Seq_236,AGGCCGAUCACUAGCUAAGKMACAG,,
Seq_237,CGCUAGAUUCWUGUUCGCGGDAUAG,,
Seq_238,AGYCAAGCGCGUGGUGGUAAACCAU,,
Seq_239,GUGUUAGAACAGGCGGRACCAUUUC,,
Seq_240,UAUAUUGGKCCGGUGCVAGBCGUGU,,
Seq_241,CGUAUGUACUGCCGAGCAUCGUGUA,,
Seq_242,GAGCGUUGGUCGUCGAGGUVCGCGU,,
Seq_243,UUUGGCGAUAAAGGGCAAUGAAGAK,,
Seq_244,AGUGGAAAAAKGUGAGCAGAGACUC,,
Seq_245,CAAACCUUUGCGAGUUCAAUGGCGU,,
Seq_246,UUUAAUCUGCUAGACACCGACCACB,,
Seq_247,AUACUAGCAGAGUGAAGUGNGANAG,,
Seq_248,CAAUUCGGUACUUCACUACABAGAC,,
Seq_249,UUAGCGGUGUUCUAGCUUCGGUAGG,,
Seq_250,UUUGGCAGUCAACCCUGAACUAUGA,,
Seq_251,UGCGUGUKGACGACUUGUGUUAGCG,,
Seq_252,GUGUADGUUCGUCAACCGUGACGUU,,
Seq_253,AAUUCCGWGCAUAGCGUAUAGGUUA,,
Seq_254,GGNAAUBACGUGACGUGGCCGGUAU,,
Seq_255,UCCCAAGUCCACUUGUGGGCUAAAG,,
Seq_256,CUUGCGGAUUGUCCGGAAGMAAAAG,,
Seq_257,NCUCCAUCCCGGCCAUAAUGGGCGC,,
Seq_258,AUAACUAGAGAGAA-CGGCGGAUAU,,
Seq_259,AGGUAACAGGUGABUSACUUCACGU,,
Seq_260,CUUUGGACCGAUUGUUAAGCUUAYC,,
Seq_261,CACUCCUCGUCAAAAGGACACUAAU,,
Seq_262,UCCAAACAUGGGGAUUUMAAGGAGG,,
Seq_263,UDBACCAUGCUCGAAGGACCGGUAA,,
Seq_264,AUAUUACUACCAUACACCAGACUKV,,
Seq_265,AUCAAVAAGACCAGCCAAGUCGUGU,,
Seq_266,GAUAUAUCUAACUAGGGAUAGUUGG,,
Seq_267,UCUCUGCGCCACGUGUACAUACACA,,
Seq_268,UGUAAACCGAUGUUCCUAGAGCCAU,,
Seq_269,AGUGUUCGUCUUCACAUUGGACAAC,,
Seq_270,CCUAUCCCAAGCUAAGCCGGGAACC,,
Seq_271,GAGCCCKGUGCAAUAGCUAUGUCUU,,
Seq_272,AAGAGCGCGUGUAUCCGAGRCGACG,,
Seq_273,UCACCAGGMGGCAAGGCCGUGUUCC,,
Seq_274,CCCGUAKUUCCMCUCGAUGCUACCG,,
Seq_275,UACCGGWCCCCCCCCAUUCGCCGGC,,
Seq_276,UAUGAGCAGAACACCGCCUACAUAC,,
Seq_277,GCAAGAUAAUCCUGCGGGCAGGAUU,,
Seq_278,AGACGGAGGACGCGUAUUAAUGCUC,,
Seq_279,ACAACCCGGAUUUUCCGCCACAAUU,,
Seq_280,CACARCUGCGCGUAUGAGGCCCAUG,,
Seq_281,UUAUUCAGAGGCAURCGAUGUCNAG,,
Seq_282,CACACAUGCGGUGGUGUAGCUUAVC,,
Seq_283,UUGRCCUAAGUGACAUAUAGGCUCC,,
Seq_284,AGACMAGCAGAAUGUCGACUWCAUA,,
Seq_285,CGAGGCGCGUGGGGUUGACCUCAAG,,
Seq_286,AAGUCAUAUGUCGAGCUAGACUGGC,,
Seq_287,GGUUUUGAAGGGAGACAGGAGACCC,,
Seq_288,CGUUAUGCGCCUACCUAGGUCGAUA,,
Seq_289,GCGGWCCACBGGCCAUCACGACCGU,,
Seq_290,UAGUAUAAAGCAAAGACGAUCACCC,,
Seq_291,UAUCAGUAGUGAUCUCAGAACGAAG,,
Seq_292,CGUUGUAAUGGGAUCUCUAUAUCCG,,
Seq_293,UAUGUCUAACAUUAGCCCACAGAAG,,
Seq_294,RUAUAUUCCUCUGCGUACCACCU-U,,
Seq_295,AACCGGACGAUCGACUCUVGGCGGA,,
Seq_296,UAGAUGUACUUGGCAAGUUCAAGCA,,
Seq_297,AGAUUACCUGCGUCUUACCUAGCCA,,
Seq_298,UCAAAUGCUUGGAAAGCCCUUACGA,,
Seq_299,ACCGGUUUGVGGUAUUCUAAAGUUA,,
